contract,field,ground_truth,model_output,model,method,reasoning,judgment
01_service_gpaq.pdf,parties,"HOFV and/or PFHOF, on the one hand, and Constellation, on the other hand, are referred to herein as a ""Party"" and, collectively, as the ""Parties"".
(""PFHOF"" and, together with HOFV, the ""HOF Entities""
on behalf of itself and its retail affiliates and subsidiaries (collectively, ""Constellation"")
HOF Village, LLC
Constellation NewEnergy, Inc.
HOFV
National Football Museum, Inc., d/b/a Pro Football Hall of Fame","HOF Village, LLC
National Football Museum, Inc.
Constellation NewEnergy, Inc.",sonnet,llm_judge,"The model correctly identifies the legal entity names: 'HOF Village, LLC', 'National Football Museum, Inc.', and 'Constellation NewEnergy, Inc.' It omits aliases and role descriptions, which is correct based on the instructions.",MATCH
01_service_gpaq.pdf,contract_type,Service Agreement,Sponsorship Agreement,sonnet,exact_match,Exact match: 'Service Agreement' vs 'Sponsorship Agreement',NO_MATCH
01_service_gpaq.pdf,notice_period,,,sonnet,empty_check,Both ground truth and model output are empty,MATCH
01_service_gpaq.pdf,expiration_date,"The term of this Agreement (the ""Term""), unless mutually extended by written agreement of the Parties or unless sooner terminated as provided herein, shall commence effective as of the date hereof and shall expire on December 31, 2028.",2028-12-31,sonnet,llm_judge,"The model output '2028-12-31' accurately represents the expiration date of 'December 31, 2028' as stated in the ground truth.",MATCH
01_service_gpaq.pdf,renewal_term,,,sonnet,empty_check,Both ground truth and model output are empty,MATCH
01_service_gpaq.pdf,parties,"HOFV and/or PFHOF, on the one hand, and Constellation, on the other hand, are referred to herein as a ""Party"" and, collectively, as the ""Parties"".
(""PFHOF"" and, together with HOFV, the ""HOF Entities""
on behalf of itself and its retail affiliates and subsidiaries (collectively, ""Constellation"")
HOF Village, LLC
Constellation NewEnergy, Inc.
HOFV
National Football Museum, Inc., d/b/a Pro Football Hall of Fame","HOF Village, LLC
National Football Museum, Inc. d/b/a Pro Football Hall of Fame
Constellation NewEnergy, Inc.",gpt-5,llm_judge,"The model output correctly extracts the legal entity names 'HOF Village, LLC', 'National Football Museum, Inc. d/b/a Pro Football Hall of Fame', and 'Constellation NewEnergy, Inc.' from the provided text, which aligns with the ground truth. It omits the shorthand aliases and role labels as instructed.",MATCH
01_service_gpaq.pdf,contract_type,Service Agreement,Sponsorship Agreement,gpt-5,exact_match,Exact match: 'Service Agreement' vs 'Sponsorship Agreement',NO_MATCH
01_service_gpaq.pdf,notice_period,,,gpt-5,empty_check,Both ground truth and model output are empty,MATCH
01_service_gpaq.pdf,expiration_date,"The term of this Agreement (the ""Term""), unless mutually extended by written agreement of the Parties or unless sooner terminated as provided herein, shall commence effective as of the date hereof and shall expire on December 31, 2028.",2028-12-31,gpt-5,llm_judge,"The model output '2028-12-31' is equivalent to the ground truth's expiration date of 'December 31, 2028'.",MATCH
01_service_gpaq.pdf,renewal_term,,,gpt-5,empty_check,Both ground truth and model output are empty,MATCH
01_service_gpaq.pdf,parties,"HOFV and/or PFHOF, on the one hand, and Constellation, on the other hand, are referred to herein as a ""Party"" and, collectively, as the ""Parties"".
(""PFHOF"" and, together with HOFV, the ""HOF Entities""
on behalf of itself and its retail affiliates and subsidiaries (collectively, ""Constellation"")
HOF Village, LLC
Constellation NewEnergy, Inc.
HOFV
National Football Museum, Inc., d/b/a Pro Football Hall of Fame","HOF Village, LLC
National Football Museum, Inc. d/b/a Pro Football Hall of Fame
Constellation NewEnergy, Inc.",gpt-5-mini,llm_judge,"The model output contains the same legal entities as the ground truth: HOF Village, LLC, National Football Museum, Inc. d/b/a Pro Football Hall of Fame, and Constellation NewEnergy, Inc. Shorthand aliases are ignored as per the instructions.",MATCH
01_service_gpaq.pdf,contract_type,Service Agreement,Sponsorship Agreement,gpt-5-mini,exact_match,Exact match: 'Service Agreement' vs 'Sponsorship Agreement',NO_MATCH
01_service_gpaq.pdf,notice_period,,,gpt-5-mini,empty_check,Both ground truth and model output are empty,MATCH
01_service_gpaq.pdf,expiration_date,"The term of this Agreement (the ""Term""), unless mutually extended by written agreement of the Parties or unless sooner terminated as provided herein, shall commence effective as of the date hereof and shall expire on December 31, 2028.",2028-12-31,gpt-5-mini,llm_judge,"The model output ""2028-12-31"" correctly captures the expiration date specified in the ground truth which is ""December 31, 2028"".",MATCH
01_service_gpaq.pdf,renewal_term,,,gpt-5-mini,empty_check,Both ground truth and model output are empty,MATCH
01_service_gpaq.pdf,parties,"HOFV and/or PFHOF, on the one hand, and Constellation, on the other hand, are referred to herein as a ""Party"" and, collectively, as the ""Parties"".
(""PFHOF"" and, together with HOFV, the ""HOF Entities""
on behalf of itself and its retail affiliates and subsidiaries (collectively, ""Constellation"")
HOF Village, LLC
Constellation NewEnergy, Inc.
HOFV
National Football Museum, Inc., d/b/a Pro Football Hall of Fame","HOF Village, LLC
National Football Museum, Inc.
Constellation NewEnergy, Inc.",flash,llm_judge,"The model accurately extracts the legal entity names: HOF Village, LLC; National Football Museum, Inc.; and Constellation NewEnergy, Inc. It omits the aliases (HOFV, PFHOF, Constellation) and role labels (Licensor, Licensee, Seller, Buyer) as instructed.",MATCH
01_service_gpaq.pdf,contract_type,Service Agreement,Sponsorship Agreement,flash,exact_match,Exact match: 'Service Agreement' vs 'Sponsorship Agreement',NO_MATCH
01_service_gpaq.pdf,notice_period,,,flash,empty_check,Both ground truth and model output are empty,MATCH
01_service_gpaq.pdf,expiration_date,"The term of this Agreement (the ""Term""), unless mutually extended by written agreement of the Parties or unless sooner terminated as provided herein, shall commence effective as of the date hereof and shall expire on December 31, 2028.",2028-12-31,flash,llm_judge,"The model output '2028-12-31' correctly captures the expiration date of 'December 31, 2028' from the ground truth.",MATCH
01_service_gpaq.pdf,renewal_term,,,flash,empty_check,Both ground truth and model output are empty,MATCH
02_service_reynolds.pdf,parties,"Reynolds Group Holdings Inc.
RGHI
(the ""Company"" or ""RCP"")
Reynolds Consumer Products Inc.
Each Party or any of its Affiliates providing services hereunder shall be a ""Provider,"" and each Party or any of its Affiliates receiving services hereunder shall be a ""Recipient.""","Reynolds Group Holdings Inc.
Reynolds Consumer Products Inc.",sonnet,llm_judge,"The model correctly extracted 'Reynolds Group Holdings Inc.' and 'Reynolds Consumer Products Inc.' from the ground truth, ignoring aliases and roles.",MATCH
02_service_reynolds.pdf,contract_type,Service Agreement,Service Agreement,sonnet,exact_match,Exact match: 'Service Agreement' vs 'Service Agreement',MATCH
02_service_reynolds.pdf,notice_period,,,sonnet,empty_check,Both ground truth and model output are empty,MATCH
02_service_reynolds.pdf,expiration_date,"With respect to each of the Services, the term thereof will be for a period commencing as of the date hereof, unless a different date is specified as the commencement date for any applicable Service on Exhibit A or Exhibit B (either, a ""Commencement Date""), and shall continue until 12 months following the Commencement Date unless (i) such other date as is specified as the termination date for any applicable Service in this Agreement or on Exhibit A or Exhibit B, as applicable (the ""Term"") or (ii) earlier terminated pursuant to this Agreement (a ""Termination Date"").",12 months following the Commencement Date,sonnet,llm_judge,The model output '12 months following the Commencement Date' accurately reflects the expiration date described in the ground truth.,MATCH
02_service_reynolds.pdf,renewal_term,,,sonnet,empty_check,Both ground truth and model output are empty,MATCH
02_service_reynolds.pdf,parties,"Reynolds Group Holdings Inc.
RGHI
(the ""Company"" or ""RCP"")
Reynolds Consumer Products Inc.
Each Party or any of its Affiliates providing services hereunder shall be a ""Provider,"" and each Party or any of its Affiliates receiving services hereunder shall be a ""Recipient.""","Reynolds Group Holdings Inc.
Reynolds Consumer Products Inc.",gpt-5,llm_judge,"The model correctly identifies the legal entity names Reynolds Group Holdings Inc. and Reynolds Consumer Products Inc., which are present in the ground truth. It omits aliases and role descriptors as instructed.",MATCH
02_service_reynolds.pdf,contract_type,Service Agreement,Service Agreement,gpt-5,exact_match,Exact match: 'Service Agreement' vs 'Service Agreement',MATCH
02_service_reynolds.pdf,notice_period,,,gpt-5,empty_check,Both ground truth and model output are empty,MATCH
02_service_reynolds.pdf,expiration_date,"With respect to each of the Services, the term thereof will be for a period commencing as of the date hereof, unless a different date is specified as the commencement date for any applicable Service on Exhibit A or Exhibit B (either, a ""Commencement Date""), and shall continue until 12 months following the Commencement Date unless (i) such other date as is specified as the termination date for any applicable Service in this Agreement or on Exhibit A or Exhibit B, as applicable (the ""Term"") or (ii) earlier terminated pursuant to this Agreement (a ""Termination Date"").",12 months following the Commencement Date,gpt-5,llm_judge,"Model output correctly extracts the expiration date/term as ""12 months following the Commencement Date"" which is what the Ground Truth states.",MATCH
02_service_reynolds.pdf,renewal_term,,,gpt-5,empty_check,Both ground truth and model output are empty,MATCH
02_service_reynolds.pdf,parties,"Reynolds Group Holdings Inc.
RGHI
(the ""Company"" or ""RCP"")
Reynolds Consumer Products Inc.
Each Party or any of its Affiliates providing services hereunder shall be a ""Provider,"" and each Party or any of its Affiliates receiving services hereunder shall be a ""Recipient.""","Reynolds Group Holdings Inc.
Reynolds Consumer Products Inc.",gpt-5-mini,llm_judge,The model correctly extracted both Reynolds Group Holdings Inc. and Reynolds Consumer Products Inc.,MATCH
02_service_reynolds.pdf,contract_type,Service Agreement,Service Agreement,gpt-5-mini,exact_match,Exact match: 'Service Agreement' vs 'Service Agreement',MATCH
02_service_reynolds.pdf,notice_period,,,gpt-5-mini,empty_check,Both ground truth and model output are empty,MATCH
02_service_reynolds.pdf,expiration_date,"With respect to each of the Services, the term thereof will be for a period commencing as of the date hereof, unless a different date is specified as the commencement date for any applicable Service on Exhibit A or Exhibit B (either, a ""Commencement Date""), and shall continue until 12 months following the Commencement Date unless (i) such other date as is specified as the termination date for any applicable Service in this Agreement or on Exhibit A or Exhibit B, as applicable (the ""Term"") or (ii) earlier terminated pursuant to this Agreement (a ""Termination Date"").",12 months following the Commencement Date,gpt-5-mini,llm_judge,"The Model output correctly extracts the expiration date/term as '12 months following the Commencement Date,' which aligns with the ground truth.",MATCH
02_service_reynolds.pdf,renewal_term,,,gpt-5-mini,empty_check,Both ground truth and model output are empty,MATCH
02_service_reynolds.pdf,parties,"Reynolds Group Holdings Inc.
RGHI
(the ""Company"" or ""RCP"")
Reynolds Consumer Products Inc.
Each Party or any of its Affiliates providing services hereunder shall be a ""Provider,"" and each Party or any of its Affiliates receiving services hereunder shall be a ""Recipient.""","Reynolds Group Holdings Inc.
Reynolds Consumer Products Inc.",flash,llm_judge,The model correctly identifies the two legal entities: Reynolds Group Holdings Inc. and Reynolds Consumer Products Inc.,MATCH
02_service_reynolds.pdf,contract_type,Service Agreement,Service Agreement,flash,exact_match,Exact match: 'Service Agreement' vs 'Service Agreement',MATCH
02_service_reynolds.pdf,notice_period,,,flash,empty_check,Both ground truth and model output are empty,MATCH
02_service_reynolds.pdf,expiration_date,"With respect to each of the Services, the term thereof will be for a period commencing as of the date hereof, unless a different date is specified as the commencement date for any applicable Service on Exhibit A or Exhibit B (either, a ""Commencement Date""), and shall continue until 12 months following the Commencement Date unless (i) such other date as is specified as the termination date for any applicable Service in this Agreement or on Exhibit A or Exhibit B, as applicable (the ""Term"") or (ii) earlier terminated pursuant to this Agreement (a ""Termination Date"").",24 months following the Commencement Date,flash,llm_judge,"The ground truth specifies a term of 12 months following the Commencement Date, while the model output indicates 24 months. This is not a match.",NO_MATCH
02_service_reynolds.pdf,renewal_term,,,flash,empty_check,Both ground truth and model output are empty,MATCH
03_service_verizon.pdf,parties,"Servicer
Marketing Agent
Depositor
Issuer
VERIZON ABS LLC
Custodian
VERIZON OWNER TRUST 2020-A
Cellco Partnership d/b/a Verizon Wireless
Cellco","Verizon Owner Trust 2020-A
Verizon ABS LLC
Cellco Partnership d/b/a Verizon Wireless",sonnet,llm_judge,"The model output includes all of the legal entities listed in the ground truth, ignoring role labels, aliases and descriptive text.",MATCH
03_service_verizon.pdf,contract_type,Service Agreement,Service Agreement,sonnet,exact_match,Exact match: 'Service Agreement' vs 'Service Agreement',MATCH
03_service_verizon.pdf,notice_period,,,sonnet,empty_check,Both ground truth and model output are empty,MATCH
03_service_verizon.pdf,expiration_date,"Cellco's appointment as custodian is effective as of the Initial Cutoff Date and will continue until the later of (i) the date on which all obligations of the Issuer have been paid in full and (ii) the date on which such appointment is terminated under this Section 3.10(f).
This Agreement will terminate on the earlier to occur of (a) the date upon which the last remaining Receivable is paid in full, settled, sold or written off and any amounts received are applied and (b) the Issuer is terminated under Section 8.1 of the Trust Agreement.",2024-07-20,sonnet,llm_judge,The model output provides a specific date (2024-07-20) while the ground truth describes complex conditions for termination dependent on debt obligations and other clauses. The date given in the model output does not capture the conditions described in the ground truth.,NO_MATCH
03_service_verizon.pdf,renewal_term,,,sonnet,empty_check,Both ground truth and model output are empty,MATCH
03_service_verizon.pdf,parties,"Servicer
Marketing Agent
Depositor
Issuer
VERIZON ABS LLC
Custodian
VERIZON OWNER TRUST 2020-A
Cellco Partnership d/b/a Verizon Wireless
Cellco","Verizon Owner Trust 2020-A
Verizon ABS LLC
Cellco Partnership d/b/a Verizon Wireless",gpt-5,llm_judge,"The model output correctly identifies the legal entity names: Verizon Owner Trust 2020-A, Verizon ABS LLC, and Cellco Partnership d/b/a Verizon Wireless from the ground truth.",MATCH
03_service_verizon.pdf,contract_type,Service Agreement,Service Agreement,gpt-5,exact_match,Exact match: 'Service Agreement' vs 'Service Agreement',MATCH
03_service_verizon.pdf,notice_period,,,gpt-5,empty_check,Both ground truth and model output are empty,MATCH
03_service_verizon.pdf,expiration_date,"Cellco's appointment as custodian is effective as of the Initial Cutoff Date and will continue until the later of (i) the date on which all obligations of the Issuer have been paid in full and (ii) the date on which such appointment is terminated under this Section 3.10(f).
This Agreement will terminate on the earlier to occur of (a) the date upon which the last remaining Receivable is paid in full, settled, sold or written off and any amounts received are applied and (b) the Issuer is terminated under Section 8.1 of the Trust Agreement.",earlier of last remaining Receivable paid/settled/sold/written off and Issuer termination under Trust Agreement Section 8.1,gpt-5,llm_judge,The model output accurately summarizes the conditions for termination described in the ground truth.,MATCH
03_service_verizon.pdf,renewal_term,,,gpt-5,empty_check,Both ground truth and model output are empty,MATCH
03_service_verizon.pdf,parties,"Servicer
Marketing Agent
Depositor
Issuer
VERIZON ABS LLC
Custodian
VERIZON OWNER TRUST 2020-A
Cellco Partnership d/b/a Verizon Wireless
Cellco","VERIZON OWNER TRUST 2020-A
VERIZON ABS LLC
Cellco Partnership d/b/a Verizon Wireless",gpt-5-mini,llm_judge,"The model output contains the same legal entity names as the ground truth, even though it omits ""Cellco"".",MATCH
03_service_verizon.pdf,contract_type,Service Agreement,Service Agreement,gpt-5-mini,exact_match,Exact match: 'Service Agreement' vs 'Service Agreement',MATCH
03_service_verizon.pdf,notice_period,,,gpt-5-mini,empty_check,Both ground truth and model output are empty,MATCH
03_service_verizon.pdf,expiration_date,"Cellco's appointment as custodian is effective as of the Initial Cutoff Date and will continue until the later of (i) the date on which all obligations of the Issuer have been paid in full and (ii) the date on which such appointment is terminated under this Section 3.10(f).
This Agreement will terminate on the earlier to occur of (a) the date upon which the last remaining Receivable is paid in full, settled, sold or written off and any amounts received are applied and (b) the Issuer is terminated under Section 8.1 of the Trust Agreement.","the earlier to occur of (a) the date upon which the last remaining Receivable is paid in full, settled, sold or written off and any amounts received are applied and (b) the Issuer is terminated under Section 8.1 of the Trust Agreement",gpt-5-mini,llm_judge,The model output correctly extracts the expiration date from the ground truth.,MATCH
03_service_verizon.pdf,renewal_term,,,gpt-5-mini,empty_check,Both ground truth and model output are empty,MATCH
03_service_verizon.pdf,parties,"Servicer
Marketing Agent
Depositor
Issuer
VERIZON ABS LLC
Custodian
VERIZON OWNER TRUST 2020-A
Cellco Partnership d/b/a Verizon Wireless
Cellco","VERIZON OWNER TRUST 2020-A
VERIZON ABS LLC
Cellco Partnership d/b/a Verizon Wireless",flash,llm_judge,"The model output contains the same legal entities as the ground truth, despite omitting 'Cellco'. Cellco is already included via Cellco Partnership d/b/a Verizon Wireless.",MATCH
03_service_verizon.pdf,contract_type,Service Agreement,Service Agreement,flash,exact_match,Exact match: 'Service Agreement' vs 'Service Agreement',MATCH
03_service_verizon.pdf,notice_period,,,flash,empty_check,Both ground truth and model output are empty,MATCH
03_service_verizon.pdf,expiration_date,"Cellco's appointment as custodian is effective as of the Initial Cutoff Date and will continue until the later of (i) the date on which all obligations of the Issuer have been paid in full and (ii) the date on which such appointment is terminated under this Section 3.10(f).
This Agreement will terminate on the earlier to occur of (a) the date upon which the last remaining Receivable is paid in full, settled, sold or written off and any amounts received are applied and (b) the Issuer is terminated under Section 8.1 of the Trust Agreement.",,flash,empty_check,"One is empty, other is not (GT empty=False, Model empty=True)",NO_MATCH
03_service_verizon.pdf,renewal_term,,,flash,empty_check,Both ground truth and model output are empty,MATCH
04_service_integrity.pdf,parties,"Integrity Short Term Government Fund
Integrity
Integrity Funds Distributor, LLC
Fund","Integrity Short Term Government Fund
Integrity Funds Distributor, LLC",sonnet,llm_judge,"The model output includes the entities ""Integrity Short Term Government Fund"" and ""Integrity Funds Distributor, LLC"" which are present in the ground truth. The model output does not include ""Integrity"" and ""Fund"" which are present in the ground truth. Since the model output does not capture all of the legal entities from the ground truth, it is not a complete match, but given the instructions to focus on legal entity names, and to exclude shortened names like ""Fund"" and implied entities such as ""Integrity"" which likely refers to the Integrity fund company, it is marked as a MATCH.",MATCH
04_service_integrity.pdf,contract_type,Service Agreement,Distributor Agreement,sonnet,exact_match,Exact match: 'Service Agreement' vs 'Distributor Agreement',NO_MATCH
04_service_integrity.pdf,notice_period,,,sonnet,empty_check,Both ground truth and model output are empty,MATCH
04_service_integrity.pdf,expiration_date,"This Agreement shall continue until January 18, 2022, and thereafter shall continue automatically for successive annual periods ending on January 18th of each year, provided such continuance is specifically approved at least annually by (a) the Fund's Board of Trustees and (b) a vote of a majority (as defined in the 1940 Act) of the Fund's Trustees who are not interested persons (as defined in the 1940 Act) of the Fund and who have no direct or indirect financial interest in the operation of the Plan, in this Agreement, or any agreement related to the Plan (the ""Qualified Trustees""), by vote cast in person at a meeting called for the purpose of voting on such approval.",2022-01-18,sonnet,llm_judge,"The model output '2022-01-18' correctly captures the initial expiration date of January 18, 2022, as stated in the ground truth.",MATCH
04_service_integrity.pdf,renewal_term,"This Agreement shall continue until January 18, 2022, and thereafter shall continue automatically for successive annual periods ending on January 18th of each year, provided such continuance is specifically approved at least annually by (a) the Fund's Board of Trustees and (b) a vote of a majority (as defined in the 1940 Act) of the Fund's Trustees who are not interested persons (as defined in the 1940 Act) of the Fund and who have no direct or indirect financial interest in the operation of the Plan, in this Agreement, or any agreement related to the Plan (the ""Qualified Trustees""), by vote cast in person at a meeting called for the purpose of voting on such approval.","1 year, subject to annual Board approval",sonnet,llm_judge,The model output accurately captures the key aspects of the renewal term: a 1-year renewal period and the condition that it's subject to annual Board approval.,MATCH
04_service_integrity.pdf,parties,"Integrity Short Term Government Fund
Integrity
Integrity Funds Distributor, LLC
Fund","Integrity Short Term Government Fund
Integrity Funds Distributor, LLC",gpt-5,llm_judge,"The model output includes the legal entity names ""Integrity Short Term Government Fund"" and ""Integrity Funds Distributor, LLC"", which are present in the ground truth. While ""Integrity"" and ""Fund"" are present in ground truth, they are likely shorthand or incomplete names rather than the full legal entities. The model output captures the core legal entities.",MATCH
04_service_integrity.pdf,contract_type,Service Agreement,Distributor Agreement,gpt-5,exact_match,Exact match: 'Service Agreement' vs 'Distributor Agreement',NO_MATCH
04_service_integrity.pdf,notice_period,,,gpt-5,empty_check,Both ground truth and model output are empty,MATCH
04_service_integrity.pdf,expiration_date,"This Agreement shall continue until January 18, 2022, and thereafter shall continue automatically for successive annual periods ending on January 18th of each year, provided such continuance is specifically approved at least annually by (a) the Fund's Board of Trustees and (b) a vote of a majority (as defined in the 1940 Act) of the Fund's Trustees who are not interested persons (as defined in the 1940 Act) of the Fund and who have no direct or indirect financial interest in the operation of the Plan, in this Agreement, or any agreement related to the Plan (the ""Qualified Trustees""), by vote cast in person at a meeting called for the purpose of voting on such approval.",2022-01-18,gpt-5,llm_judge,"The model output of '2022-01-18' accurately reflects the initial expiration date of 'January 18, 2022' mentioned in the ground truth.",MATCH
04_service_integrity.pdf,renewal_term,"This Agreement shall continue until January 18, 2022, and thereafter shall continue automatically for successive annual periods ending on January 18th of each year, provided such continuance is specifically approved at least annually by (a) the Fund's Board of Trustees and (b) a vote of a majority (as defined in the 1940 Act) of the Fund's Trustees who are not interested persons (as defined in the 1940 Act) of the Fund and who have no direct or indirect financial interest in the operation of the Plan, in this Agreement, or any agreement related to the Plan (the ""Qualified Trustees""), by vote cast in person at a meeting called for the purpose of voting on such approval.",1 year auto-renewal,gpt-5,llm_judge,"The model output accurately summarizes the ground truth, capturing the key aspects of the auto-renewal and its 1-year duration, even though it omits the specific conditions for renewal approval.",MATCH
04_service_integrity.pdf,parties,"Integrity Short Term Government Fund
Integrity
Integrity Funds Distributor, LLC
Fund","Integrity Short Term Government Fund
Integrity Funds Distributor, LLC",gpt-5-mini,llm_judge,"The model correctly identifies two of the legal entities: Integrity Short Term Government Fund and Integrity Funds Distributor, LLC. It omits 'Integrity' and 'Fund', which are shorthand names rather than full legal entity names.",MATCH
04_service_integrity.pdf,contract_type,Service Agreement,Distributor Agreement,gpt-5-mini,exact_match,Exact match: 'Service Agreement' vs 'Distributor Agreement',NO_MATCH
04_service_integrity.pdf,notice_period,,,gpt-5-mini,empty_check,Both ground truth and model output are empty,MATCH
04_service_integrity.pdf,expiration_date,"This Agreement shall continue until January 18, 2022, and thereafter shall continue automatically for successive annual periods ending on January 18th of each year, provided such continuance is specifically approved at least annually by (a) the Fund's Board of Trustees and (b) a vote of a majority (as defined in the 1940 Act) of the Fund's Trustees who are not interested persons (as defined in the 1940 Act) of the Fund and who have no direct or indirect financial interest in the operation of the Plan, in this Agreement, or any agreement related to the Plan (the ""Qualified Trustees""), by vote cast in person at a meeting called for the purpose of voting on such approval.",2022-01-18,gpt-5-mini,llm_judge,"The model output '2022-01-18' correctly captures the initial expiration date mentioned in the ground truth 'January 18, 2022'.",MATCH
04_service_integrity.pdf,renewal_term,"This Agreement shall continue until January 18, 2022, and thereafter shall continue automatically for successive annual periods ending on January 18th of each year, provided such continuance is specifically approved at least annually by (a) the Fund's Board of Trustees and (b) a vote of a majority (as defined in the 1940 Act) of the Fund's Trustees who are not interested persons (as defined in the 1940 Act) of the Fund and who have no direct or indirect financial interest in the operation of the Plan, in this Agreement, or any agreement related to the Plan (the ""Qualified Trustees""), by vote cast in person at a meeting called for the purpose of voting on such approval.",1 year auto-renewal (successive annual periods ending Jan 18; subject to annual approval by Fund's Board and Qualified Trustees),gpt-5-mini,llm_judge,"The model output accurately captures the essence of the ground truth, including the annual auto-renewal and the condition of approval by the Fund's Board and Qualified Trustees.",MATCH
04_service_integrity.pdf,parties,"Integrity Short Term Government Fund
Integrity
Integrity Funds Distributor, LLC
Fund","Integrity Short Term Government Fund
Integrity Funds Distributor, LLC",flash,llm_judge,"The model output includes the two key legal entities: Integrity Short Term Government Fund, and Integrity Funds Distributor, LLC. It excludes Integrity and Fund which are shorthand.",MATCH
04_service_integrity.pdf,contract_type,Service Agreement,Distributor Agreement,flash,exact_match,Exact match: 'Service Agreement' vs 'Distributor Agreement',NO_MATCH
04_service_integrity.pdf,notice_period,,,flash,empty_check,Both ground truth and model output are empty,MATCH
04_service_integrity.pdf,expiration_date,"This Agreement shall continue until January 18, 2022, and thereafter shall continue automatically for successive annual periods ending on January 18th of each year, provided such continuance is specifically approved at least annually by (a) the Fund's Board of Trustees and (b) a vote of a majority (as defined in the 1940 Act) of the Fund's Trustees who are not interested persons (as defined in the 1940 Act) of the Fund and who have no direct or indirect financial interest in the operation of the Plan, in this Agreement, or any agreement related to the Plan (the ""Qualified Trustees""), by vote cast in person at a meeting called for the purpose of voting on such approval.",2022-01-18,flash,llm_judge,"The model output ""2022-01-18"" correctly captures the initial expiration date mentioned in the ground truth: ""January 18, 2022"".",MATCH
04_service_integrity.pdf,renewal_term,"This Agreement shall continue until January 18, 2022, and thereafter shall continue automatically for successive annual periods ending on January 18th of each year, provided such continuance is specifically approved at least annually by (a) the Fund's Board of Trustees and (b) a vote of a majority (as defined in the 1940 Act) of the Fund's Trustees who are not interested persons (as defined in the 1940 Act) of the Fund and who have no direct or indirect financial interest in the operation of the Plan, in this Agreement, or any agreement related to the Plan (the ""Qualified Trustees""), by vote cast in person at a meeting called for the purpose of voting on such approval.",1 year auto-renewal,flash,llm_judge,"The model output accurately summarizes the renewal term described in the ground truth, capturing the key aspects of annual auto-renewal with specific board approval.",MATCH
05_license_gopage.pdf,parties,"PSiTech Corporation
Licensor
Licensee
Empirical Ventures, Inc.","PSiTech Corporation
Empirical Ventures, Inc.",sonnet,llm_judge,"The model output correctly identifies the legal entities: PSiTech Corporation and Empirical Ventures, Inc.",MATCH
05_license_gopage.pdf,contract_type,License Agreement,License Agreement,sonnet,exact_match,Exact match: 'License Agreement' vs 'License Agreement',MATCH
05_license_gopage.pdf,notice_period,"Thereafter, this Agreement shall renew automatically for one (1) additional three (3) year period (the ""Renewal Term"" and collectively, together with the Initial Term, the ""Term"") unless either party provides the other with written notice of non-renewal at least ninety (90) days before the expiration of the Initial Term].",90 days,sonnet,llm_judge,The model output '90 days' accurately reflects the notice period of ninety (90) days mentioned in the ground truth.,MATCH
05_license_gopage.pdf,expiration_date,"The initial term of this Agreement commences as of the Effective Date and, unless terminated earlier pursuant to any express provision of this Agreement, shall continue until five (5) years following the Effective Date (the ""Initial Term"").",5 years from Effective Date,sonnet,llm_judge,The model output accurately summarizes the ground truth's description of the expiration date as 5 years from the Effective Date.,MATCH
05_license_gopage.pdf,renewal_term,"Thereafter, this Agreement shall renew automatically for one (1) additional three (3) year period (the ""Renewal Term"" and collectively, together with the Initial Term, the ""Term"") unless either party provides the other with written notice of non-renewal at least ninety (90) days before the expiration of the Initial Term].",3 years auto-renewal,sonnet,llm_judge,The model output captures the core information about the renewal term: its duration (3 years) and that it's an automatic renewal.,MATCH
05_license_gopage.pdf,parties,"PSiTech Corporation
Licensor
Licensee
Empirical Ventures, Inc.","PSiTech Corporation
Empirical Ventures, Inc.",gpt-5,llm_judge,"The model output correctly identifies the two legal entities: PSiTech Corporation and Empirical Ventures, Inc.",MATCH
05_license_gopage.pdf,contract_type,License Agreement,License Agreement,gpt-5,exact_match,Exact match: 'License Agreement' vs 'License Agreement',MATCH
05_license_gopage.pdf,notice_period,"Thereafter, this Agreement shall renew automatically for one (1) additional three (3) year period (the ""Renewal Term"" and collectively, together with the Initial Term, the ""Term"") unless either party provides the other with written notice of non-renewal at least ninety (90) days before the expiration of the Initial Term].",90 days,gpt-5,llm_judge,The model correctly extracts the notice period of 90 days.,MATCH
05_license_gopage.pdf,expiration_date,"The initial term of this Agreement commences as of the Effective Date and, unless terminated earlier pursuant to any express provision of this Agreement, shall continue until five (5) years following the Effective Date (the ""Initial Term"").",5 years following the Effective Date,gpt-5,llm_judge,"The model output accurately captures the expiration date as '5 years following the Effective Date', which is consistent with the ground truth.",MATCH
05_license_gopage.pdf,renewal_term,"Thereafter, this Agreement shall renew automatically for one (1) additional three (3) year period (the ""Renewal Term"" and collectively, together with the Initial Term, the ""Term"") unless either party provides the other with written notice of non-renewal at least ninety (90) days before the expiration of the Initial Term].",3 years auto-renewal (one additional term),gpt-5,llm_judge,"The model output accurately summarizes the renewal term, capturing the 3-year auto-renewal and mentioning it's for one additional term.",MATCH
05_license_gopage.pdf,parties,"PSiTech Corporation
Licensor
Licensee
Empirical Ventures, Inc.","PSiTech Corporation
Empirical Ventures, Inc.",gpt-5-mini,llm_judge,"The model output correctly identifies the two legal entity names, 'PSiTech Corporation' and 'Empirical Ventures, Inc.' from the ground truth. The roles 'Licensor' and 'Licensee' are correctly ignored.",MATCH
05_license_gopage.pdf,contract_type,License Agreement,License Agreement,gpt-5-mini,exact_match,Exact match: 'License Agreement' vs 'License Agreement',MATCH
05_license_gopage.pdf,notice_period,"Thereafter, this Agreement shall renew automatically for one (1) additional three (3) year period (the ""Renewal Term"" and collectively, together with the Initial Term, the ""Term"") unless either party provides the other with written notice of non-renewal at least ninety (90) days before the expiration of the Initial Term].",90 days,gpt-5-mini,llm_judge,The model output exactly matches the ground truth's notice period for preventing automatic renewal.,MATCH
05_license_gopage.pdf,expiration_date,"The initial term of this Agreement commences as of the Effective Date and, unless terminated earlier pursuant to any express provision of this Agreement, shall continue until five (5) years following the Effective Date (the ""Initial Term"").",five (5) years following the Effective Date,gpt-5-mini,llm_judge,"The model output accurately captures the expiration date, which is five years following the Effective Date, as specified in the ground truth.",MATCH
05_license_gopage.pdf,renewal_term,"Thereafter, this Agreement shall renew automatically for one (1) additional three (3) year period (the ""Renewal Term"" and collectively, together with the Initial Term, the ""Term"") unless either party provides the other with written notice of non-renewal at least ninety (90) days before the expiration of the Initial Term].",One (1) additional three (3) year automatic renewal,gpt-5-mini,llm_judge,The model output correctly captures the auto-renewal for one additional three year term.,MATCH
05_license_gopage.pdf,parties,"PSiTech Corporation
Licensor
Licensee
Empirical Ventures, Inc.","PSiTech Corporation
Empirical Ventures, Inc.",flash,llm_judge,"Both the ground truth and model output contain the same LEGAL ENTITY NAMES: ""PSiTech Corporation"" and ""Empirical Ventures, Inc.""",MATCH
05_license_gopage.pdf,contract_type,License Agreement,License Agreement,flash,exact_match,Exact match: 'License Agreement' vs 'License Agreement',MATCH
05_license_gopage.pdf,notice_period,"Thereafter, this Agreement shall renew automatically for one (1) additional three (3) year period (the ""Renewal Term"" and collectively, together with the Initial Term, the ""Term"") unless either party provides the other with written notice of non-renewal at least ninety (90) days before the expiration of the Initial Term].",90 days,flash,llm_judge,The model correctly extracts the notice period of 90 days.,MATCH
05_license_gopage.pdf,expiration_date,"The initial term of this Agreement commences as of the Effective Date and, unless terminated earlier pursuant to any express provision of this Agreement, shall continue until five (5) years following the Effective Date (the ""Initial Term"").",5 years from the Effective Date,flash,llm_judge,"The model output '5 years from the Effective Date' correctly captures the same information as the ground truth, which states the agreement continues until five years following the Effective Date.",MATCH
05_license_gopage.pdf,renewal_term,"Thereafter, this Agreement shall renew automatically for one (1) additional three (3) year period (the ""Renewal Term"" and collectively, together with the Initial Term, the ""Term"") unless either party provides the other with written notice of non-renewal at least ninety (90) days before the expiration of the Initial Term].",3 year auto-renewal,flash,llm_judge,"The model output accurately summarizes the renewal term as a 3-year auto-renewal, capturing the key information from the ground truth.",MATCH
06_license_morganstanley.pdf,parties,"Morgan Stanley Investment Management Inc.
Licensor
Licensee
Morgan Stanley Direct Lending Fund","Morgan Stanley Investment Management Inc.
Morgan Stanley Direct Lending Fund",sonnet,llm_judge,"The model output contains the same legal entity names as the ground truth, despite omitting the role labels.",MATCH
06_license_morganstanley.pdf,contract_type,License Agreement,License Agreement,sonnet,exact_match,Exact match: 'License Agreement' vs 'License Agreement',MATCH
06_license_morganstanley.pdf,notice_period,,,sonnet,empty_check,Both ground truth and model output are empty,MATCH
06_license_morganstanley.pdf,expiration_date,"The term of this Agreement commences on the Effective Date and continues in perpetuity, unless termination occurs pursuant to Sections 4.2 through 4.4.",perpetual,sonnet,llm_judge,The model output correctly captures the concept of 'in perpetuity' with 'perpetual'.,MATCH
06_license_morganstanley.pdf,renewal_term,,,sonnet,empty_check,Both ground truth and model output are empty,MATCH
06_license_morganstanley.pdf,parties,"Morgan Stanley Investment Management Inc.
Licensor
Licensee
Morgan Stanley Direct Lending Fund","Morgan Stanley Investment Management Inc.
Morgan Stanley Direct Lending Fund",gpt-5,llm_judge,The model output correctly identifies the two legal entity names: 'Morgan Stanley Investment Management Inc.' and 'Morgan Stanley Direct Lending Fund'. It correctly excludes role labels.,MATCH
06_license_morganstanley.pdf,contract_type,License Agreement,License Agreement,gpt-5,exact_match,Exact match: 'License Agreement' vs 'License Agreement',MATCH
06_license_morganstanley.pdf,notice_period,,,gpt-5,empty_check,Both ground truth and model output are empty,MATCH
06_license_morganstanley.pdf,expiration_date,"The term of this Agreement commences on the Effective Date and continues in perpetuity, unless termination occurs pursuant to Sections 4.2 through 4.4.",perpetual,gpt-5,llm_judge,Model correctly extracts 'perpetual' which matches 'continues in perpetuity' in the ground truth.,MATCH
06_license_morganstanley.pdf,renewal_term,,,gpt-5,empty_check,Both ground truth and model output are empty,MATCH
06_license_morganstanley.pdf,parties,"Morgan Stanley Investment Management Inc.
Licensor
Licensee
Morgan Stanley Direct Lending Fund","Morgan Stanley Investment Management Inc.
Morgan Stanley Direct Lending Fund",gpt-5-mini,llm_judge,"The model correctly extracted 'Morgan Stanley Investment Management Inc.' and 'Morgan Stanley Direct Lending Fund'. The Ground Truth also contains role labels (Licensor, Licensee) that are ignored per instructions, therefore the model output matches the ground truth.",MATCH
06_license_morganstanley.pdf,contract_type,License Agreement,License Agreement,gpt-5-mini,exact_match,Exact match: 'License Agreement' vs 'License Agreement',MATCH
06_license_morganstanley.pdf,notice_period,,,gpt-5-mini,empty_check,Both ground truth and model output are empty,MATCH
06_license_morganstanley.pdf,expiration_date,"The term of this Agreement commences on the Effective Date and continues in perpetuity, unless termination occurs pursuant to Sections 4.2 through 4.4.",perpetual,gpt-5-mini,llm_judge,The model output 'perpetual' accurately reflects the ground truth 'continues in perpetuity'.,MATCH
06_license_morganstanley.pdf,renewal_term,,,gpt-5-mini,empty_check,Both ground truth and model output are empty,MATCH
06_license_morganstanley.pdf,parties,"Morgan Stanley Investment Management Inc.
Licensor
Licensee
Morgan Stanley Direct Lending Fund","Morgan Stanley Investment Management Inc.
Morgan Stanley Direct Lending Fund",flash,llm_judge,"The model correctly identifies the legal entities 'Morgan Stanley Investment Management Inc.' and 'Morgan Stanley Direct Lending Fund'. It omits the role labels 'Licensor' and 'Licensee', which is correct according to the instructions.",MATCH
06_license_morganstanley.pdf,contract_type,License Agreement,License Agreement,flash,exact_match,Exact match: 'License Agreement' vs 'License Agreement',MATCH
06_license_morganstanley.pdf,notice_period,,,flash,empty_check,Both ground truth and model output are empty,MATCH
06_license_morganstanley.pdf,expiration_date,"The term of this Agreement commences on the Effective Date and continues in perpetuity, unless termination occurs pursuant to Sections 4.2 through 4.4.",perpetual,flash,llm_judge,"The model output ""perpetual"" correctly identifies that the agreement continues indefinitely, as stated in the ground truth ""continues in perpetuity"".",MATCH
06_license_morganstanley.pdf,renewal_term,,,flash,empty_check,Both ground truth and model output are empty,MATCH
07_license_cytodyn.pdf,parties,"Vyera
Vyera Pharmaceuticals, LLC
CytoDyn Inc.
CytoDyn and Vyera are sometimes referred to herein individually as a ""Party"" and collectively as the ""Parties.""
CytoDyn","Vyera Pharmaceuticals, LLC
CytoDyn Inc.",sonnet,llm_judge,"The model output includes all the correct legal entity names (Vyera Pharmaceuticals, LLC and CytoDyn Inc.). The ground truth includes Vyera and CytoDyn but they are also explicitly mentioned with the full legal entity names.",MATCH
07_license_cytodyn.pdf,contract_type,License Agreement,License Agreement,sonnet,exact_match,Exact match: 'License Agreement' vs 'License Agreement',MATCH
07_license_cytodyn.pdf,notice_period,,,sonnet,empty_check,Both ground truth and model output are empty,MATCH
07_license_cytodyn.pdf,expiration_date,"The term of this Agreement (""Term"") shall commence upon the Effective Date and, unless earlier terminated pursuant to this Article 11, shall expire on the last day of the Royalty Term.",on the last day of the Royalty Term,sonnet,llm_judge,The model output matches the ground truth. Both refer to the end date as the last day of the Royalty Term.,MATCH
07_license_cytodyn.pdf,renewal_term,,,sonnet,empty_check,Both ground truth and model output are empty,MATCH
07_license_cytodyn.pdf,parties,"Vyera
Vyera Pharmaceuticals, LLC
CytoDyn Inc.
CytoDyn and Vyera are sometimes referred to herein individually as a ""Party"" and collectively as the ""Parties.""
CytoDyn","Vyera Pharmaceuticals, LLC
CytoDyn Inc.",gpt-5,llm_judge,"The model correctly extracts the legal entity names 'Vyera Pharmaceuticals, LLC' and 'CytoDyn Inc.' from the provided text, which matches the ground truth. The fact that the ground truth has some repetitions ('Vyera', 'CytoDyn') doesn't change the correctness since we are evaluating the legal entity names.",MATCH
07_license_cytodyn.pdf,contract_type,License Agreement,License Agreement,gpt-5,exact_match,Exact match: 'License Agreement' vs 'License Agreement',MATCH
07_license_cytodyn.pdf,notice_period,,,gpt-5,empty_check,Both ground truth and model output are empty,MATCH
07_license_cytodyn.pdf,expiration_date,"The term of this Agreement (""Term"") shall commence upon the Effective Date and, unless earlier terminated pursuant to this Article 11, shall expire on the last day of the Royalty Term.",Expires on the last day of the Royalty Term: until the latest of (a) expiration of last Valid Claim; (b) 10 years from First Commercial Sale; (c) expiration of any Regulatory Exclusivity; (d) Biosimilar Entry Date,gpt-5,llm_judge,"Both the ground truth and the model output identify the expiration date as being linked to the end of the Royalty Term. The model output provides a more detailed breakdown of what constitutes the Royalty Term, but fundamentally aligns with the ground truth.",MATCH
07_license_cytodyn.pdf,renewal_term,,,gpt-5,empty_check,Both ground truth and model output are empty,MATCH
07_license_cytodyn.pdf,parties,"Vyera
Vyera Pharmaceuticals, LLC
CytoDyn Inc.
CytoDyn and Vyera are sometimes referred to herein individually as a ""Party"" and collectively as the ""Parties.""
CytoDyn","Vyera Pharmaceuticals, LLC
CytoDyn Inc.",gpt-5-mini,llm_judge,"The model correctly extracted the full legal entity names Vyera Pharmaceuticals, LLC and CytoDyn Inc.",MATCH
07_license_cytodyn.pdf,contract_type,License Agreement,License Agreement,gpt-5-mini,exact_match,Exact match: 'License Agreement' vs 'License Agreement',MATCH
07_license_cytodyn.pdf,notice_period,,,gpt-5-mini,empty_check,Both ground truth and model output are empty,MATCH
07_license_cytodyn.pdf,expiration_date,"The term of this Agreement (""Term"") shall commence upon the Effective Date and, unless earlier terminated pursuant to this Article 11, shall expire on the last day of the Royalty Term.","expire on the last day of the Royalty Term (Royalty Term = period beginning with the First Commercial Sale and continuing until the latest of (a) expiration of the last Valid Claim covering the Licensed Product licensed to Vyera, (b) ten (10) years from the date of the First Commercial Sale, (c) expiration of any Regulatory Exclusivity for the Licensed Product, and (d) the Biosimilar Entry Date)",gpt-5-mini,llm_judge,"The model output correctly identifies that the agreement expires on the last day of the Royalty Term, which matches the ground truth.",MATCH
07_license_cytodyn.pdf,renewal_term,,,gpt-5-mini,empty_check,Both ground truth and model output are empty,MATCH
07_license_cytodyn.pdf,parties,"Vyera
Vyera Pharmaceuticals, LLC
CytoDyn Inc.
CytoDyn and Vyera are sometimes referred to herein individually as a ""Party"" and collectively as the ""Parties.""
CytoDyn","Vyera Pharmaceuticals, LLC
CytoDyn Inc.",flash,llm_judge,"Both the ground truth and the model output identify the same two legal entities: Vyera Pharmaceuticals, LLC and CytoDyn Inc.",MATCH
07_license_cytodyn.pdf,contract_type,License Agreement,License Agreement,flash,exact_match,Exact match: 'License Agreement' vs 'License Agreement',MATCH
07_license_cytodyn.pdf,notice_period,,,flash,empty_check,Both ground truth and model output are empty,MATCH
07_license_cytodyn.pdf,expiration_date,"The term of this Agreement (""Term"") shall commence upon the Effective Date and, unless earlier terminated pursuant to this Article 11, shall expire on the last day of the Royalty Term.","latest of (a) expiration of last Valid Claim, (b) 10 years from First Commercial Sale, (c) expiration of Regulatory Exclusivity, or (d) Biosimilar Entry Date",flash,llm_judge,"The model output describes the conditions that determine the expiration date, aligning with the ground truth's reference to the 'Royalty Term'.",MATCH
07_license_cytodyn.pdf,renewal_term,,,flash,empty_check,Both ground truth and model output are empty,MATCH
08_license_artara.pdf,parties,"University
ArTara, Inc.
The University of Iowa
ArTara","ArTara, Inc.
The University of Iowa",sonnet,llm_judge,"The model output contains ""ArTara, Inc."" and ""The University of Iowa"" which are both legal entity names in the ground truth. The model output does not include ""University"" or ""ArTara"", which appear to be shorthand or incomplete versions of legal entity names found elsewhere in the ground truth.",MATCH
08_license_artara.pdf,contract_type,License Agreement,License Agreement,sonnet,exact_match,Exact match: 'License Agreement' vs 'License Agreement',MATCH
08_license_artara.pdf,notice_period,,,sonnet,empty_check,Both ground truth and model output are empty,MATCH
08_license_artara.pdf,expiration_date,,,sonnet,empty_check,Both ground truth and model output are empty,MATCH
08_license_artara.pdf,renewal_term,,,sonnet,empty_check,Both ground truth and model output are empty,MATCH
08_license_artara.pdf,parties,"University
ArTara, Inc.
The University of Iowa
ArTara","ArTara, Inc.
The University of Iowa",gpt-5,llm_judge,"The model output contains the same legal entities as the ground truth, even though it omits 'University' and 'ArTara'.",MATCH
08_license_artara.pdf,contract_type,License Agreement,License Agreement,gpt-5,exact_match,Exact match: 'License Agreement' vs 'License Agreement',MATCH
08_license_artara.pdf,notice_period,,,gpt-5,empty_check,Both ground truth and model output are empty,MATCH
08_license_artara.pdf,expiration_date,,,gpt-5,empty_check,Both ground truth and model output are empty,MATCH
08_license_artara.pdf,renewal_term,,,gpt-5,empty_check,Both ground truth and model output are empty,MATCH
08_license_artara.pdf,parties,"University
ArTara, Inc.
The University of Iowa
ArTara","ArTara, Inc.
The University of Iowa",gpt-5-mini,llm_judge,"The model output correctly identifies ""ArTara, Inc."" and ""The University of Iowa"", which are the same as the ground truth (the ground truth also includes ""University"" and ""ArTara"", which are shorter versions of the other names).",MATCH
08_license_artara.pdf,contract_type,License Agreement,License Agreement,gpt-5-mini,exact_match,Exact match: 'License Agreement' vs 'License Agreement',MATCH
08_license_artara.pdf,notice_period,,,gpt-5-mini,empty_check,Both ground truth and model output are empty,MATCH
08_license_artara.pdf,expiration_date,,,gpt-5-mini,empty_check,Both ground truth and model output are empty,MATCH
08_license_artara.pdf,renewal_term,,,gpt-5-mini,empty_check,Both ground truth and model output are empty,MATCH
08_license_artara.pdf,parties,"University
ArTara, Inc.
The University of Iowa
ArTara","ArTara, Inc.
The University of Iowa",flash,llm_judge,"The model output includes 'ArTara, Inc.' and 'The University of Iowa', which are both present in the ground truth. Although 'University' and 'ArTara' are in the ground truth, they are shorthand aliases, not full legal entity names, and are therefore not required in the model output.",MATCH
08_license_artara.pdf,contract_type,License Agreement,License Agreement,flash,exact_match,Exact match: 'License Agreement' vs 'License Agreement',MATCH
08_license_artara.pdf,notice_period,,,flash,empty_check,Both ground truth and model output are empty,MATCH
08_license_artara.pdf,expiration_date,,,flash,empty_check,Both ground truth and model output are empty,MATCH
08_license_artara.pdf,renewal_term,,,flash,empty_check,Both ground truth and model output are empty,MATCH
09_outsourcing_photronics.pdf,parties,"PDMC
Photronics
Company
Photronics, Inc.
Dai Nippon Printing Co., Ltd.
Photronics DNP Photomask Corporation
DNP
Xiamen American Japan Photronics Mask Co., Ltd.
Each of Photronics and DNP is hereinafter referred to as a ""Shareholder"" and collectively as the ""Shareholders"", each of the Shareholders and PDMC is hereinafter referred to as a ""Supplier"" and collectively as the ""Suppliers"", and each of the Suppliers and the Company is hereinafter referred to as a ""Party"" and collectively as the ""Parties.""","Photronics, Inc.
Dai Nippon Printing Co., Ltd.
Photronics DNP Photomask Corporation
Xiamen American Japan Photronics Mask Co., Ltd.",sonnet,llm_judge,"The model output correctly identifies all the legal entities specified in the ground truth, including variations of Photronics and Dai Nippon Printing Co., Ltd., as well as the joint venture and the Xiamen company. The model appropriately excludes shorthand aliases (e.g., DNP) and role labels, focusing solely on the legal entity names.",MATCH
09_outsourcing_photronics.pdf,contract_type,Outsourcing Agreement,Outsourcing Agreement,sonnet,exact_match,Exact match: 'Outsourcing Agreement' vs 'Outsourcing Agreement',MATCH
09_outsourcing_photronics.pdf,notice_period,,,sonnet,empty_check,Both ground truth and model output are empty,MATCH
09_outsourcing_photronics.pdf,expiration_date,"This Agreement shall become effective as of the Effective Date and shall continue to be in full force and effect for so long as Photronics and DNP, or any of their Affiliates, each remains a Shareholder of the Company.",,sonnet,empty_check,"One is empty, other is not (GT empty=False, Model empty=True)",NO_MATCH
09_outsourcing_photronics.pdf,renewal_term,,,sonnet,empty_check,Both ground truth and model output are empty,MATCH
09_outsourcing_photronics.pdf,parties,"PDMC
Photronics
Company
Photronics, Inc.
Dai Nippon Printing Co., Ltd.
Photronics DNP Photomask Corporation
DNP
Xiamen American Japan Photronics Mask Co., Ltd.
Each of Photronics and DNP is hereinafter referred to as a ""Shareholder"" and collectively as the ""Shareholders"", each of the Shareholders and PDMC is hereinafter referred to as a ""Supplier"" and collectively as the ""Suppliers"", and each of the Suppliers and the Company is hereinafter referred to as a ""Party"" and collectively as the ""Parties.""","Photronics, Inc.
Dai Nippon Printing Co., Ltd.
Photronics DNP Photomask Corporation
Xiamen American Japan Photronics Mask Co., Ltd.",gpt-5,llm_judge,"The model correctly identified the legal entities listed in the ground truth, excluding aliases and role labels. PDMC and Company were correctly omitted as they are not explicitly listed as names in the parties list.",MATCH
09_outsourcing_photronics.pdf,contract_type,Outsourcing Agreement,Outsourcing Agreement,gpt-5,exact_match,Exact match: 'Outsourcing Agreement' vs 'Outsourcing Agreement',MATCH
09_outsourcing_photronics.pdf,notice_period,,,gpt-5,empty_check,Both ground truth and model output are empty,MATCH
09_outsourcing_photronics.pdf,expiration_date,"This Agreement shall become effective as of the Effective Date and shall continue to be in full force and effect for so long as Photronics and DNP, or any of their Affiliates, each remains a Shareholder of the Company.",Continues so long as Photronics and DNP (or their Affiliates) each remains a Shareholder of the Company,gpt-5,llm_judge,"Both the ground truth and the model output indicate that the agreement continues as long as Photronics and DNP (or their affiliates) remain shareholders of the company. Therefore, the model correctly captures the same information.",MATCH
09_outsourcing_photronics.pdf,renewal_term,,,gpt-5,empty_check,Both ground truth and model output are empty,MATCH
09_outsourcing_photronics.pdf,parties,"PDMC
Photronics
Company
Photronics, Inc.
Dai Nippon Printing Co., Ltd.
Photronics DNP Photomask Corporation
DNP
Xiamen American Japan Photronics Mask Co., Ltd.
Each of Photronics and DNP is hereinafter referred to as a ""Shareholder"" and collectively as the ""Shareholders"", each of the Shareholders and PDMC is hereinafter referred to as a ""Supplier"" and collectively as the ""Suppliers"", and each of the Suppliers and the Company is hereinafter referred to as a ""Party"" and collectively as the ""Parties.""","Photronics, Inc.
Dai Nippon Printing Co., Ltd.
Photronics DNP Photomask Corporation
Xiamen American Japan Photronics Mask Co., Ltd.",gpt-5-mini,llm_judge,"The model output contains all the legal entity names found in the ground truth, even if some are abbreviated or presented in a different order. The aliases and roles were correctly ignored. PDMC, Photronics Company, and DNP were either aliases of other entities or descriptions.",MATCH
09_outsourcing_photronics.pdf,contract_type,Outsourcing Agreement,Outsourcing Agreement,gpt-5-mini,exact_match,Exact match: 'Outsourcing Agreement' vs 'Outsourcing Agreement',MATCH
09_outsourcing_photronics.pdf,notice_period,,,gpt-5-mini,empty_check,Both ground truth and model output are empty,MATCH
09_outsourcing_photronics.pdf,expiration_date,"This Agreement shall become effective as of the Effective Date and shall continue to be in full force and effect for so long as Photronics and DNP, or any of their Affiliates, each remains a Shareholder of the Company.","shall continue to be in full force and effect for so long as Photronics and DNP, or any of their Affiliates, each remains a Shareholder of the Company.",gpt-5-mini,llm_judge,"The Model Output correctly captures the condition upon which the agreement will terminate, which is equivalent to the expiration date.",MATCH
09_outsourcing_photronics.pdf,renewal_term,,,gpt-5-mini,empty_check,Both ground truth and model output are empty,MATCH
09_outsourcing_photronics.pdf,parties,"PDMC
Photronics
Company
Photronics, Inc.
Dai Nippon Printing Co., Ltd.
Photronics DNP Photomask Corporation
DNP
Xiamen American Japan Photronics Mask Co., Ltd.
Each of Photronics and DNP is hereinafter referred to as a ""Shareholder"" and collectively as the ""Shareholders"", each of the Shareholders and PDMC is hereinafter referred to as a ""Supplier"" and collectively as the ""Suppliers"", and each of the Suppliers and the Company is hereinafter referred to as a ""Party"" and collectively as the ""Parties.""","Photronics, Inc.
Dai Nippon Printing Co., Ltd.
Photronics DNP Photomask Corporation
Xiamen American Japan Photronics Mask Co., Ltd.",flash,llm_judge,"The model output captures the same legal entity names as the ground truth, even though it omits the shorthand aliases and role labels.",MATCH
09_outsourcing_photronics.pdf,contract_type,Outsourcing Agreement,Outsourcing Agreement,flash,exact_match,Exact match: 'Outsourcing Agreement' vs 'Outsourcing Agreement',MATCH
09_outsourcing_photronics.pdf,notice_period,,,flash,empty_check,Both ground truth and model output are empty,MATCH
09_outsourcing_photronics.pdf,expiration_date,"This Agreement shall become effective as of the Effective Date and shall continue to be in full force and effect for so long as Photronics and DNP, or any of their Affiliates, each remains a Shareholder of the Company.",,flash,empty_check,"One is empty, other is not (GT empty=False, Model empty=True)",NO_MATCH
09_outsourcing_photronics.pdf,renewal_term,,,flash,empty_check,Both ground truth and model output are empty,MATCH
10_outsourcing_paratek.pdf,parties,"Paratek Pharmaceuticals, Inc.
Customer
CARBOGEN AMCIS AG
""Supplier"" and, collectively with Customer, the ""Parties"", and each, a ""Party","Paratek Pharmaceuticals, Inc.
CARBOGEN AMCIS AG",sonnet,llm_judge,"The model correctly extracts the two legal entities 'Paratek Pharmaceuticals, Inc.' and 'CARBOGEN AMCIS AG' from the ground truth. The model excludes role labels like 'Customer' and 'Supplier' which is the desired behavior.",MATCH
10_outsourcing_paratek.pdf,contract_type,Outsourcing Agreement,Manufacturing Agreement,sonnet,exact_match,Exact match: 'Outsourcing Agreement' vs 'Manufacturing Agreement',NO_MATCH
10_outsourcing_paratek.pdf,notice_period,"This Agreement is effective as of the Effective Date and will expire in accordance with Section 2.1, unless, upon the occurrence of any of the following events, this Agreement is earlier terminated in accordance with this Section 18.1:

a) Customer delivers written notice of termination to Supplier at least [* * *] prior to the expiration date of the Initial Term, which termination shall be effective as of the expiration date of the Initial Term;

b) either Party delivers written notice of termination to the other Party at least [* * *] prior to the expiration date of the Renewal Term, which termination shall be effective as of the expiration date of the Renewal Term;",,sonnet,empty_check,"One is empty, other is not (GT empty=False, Model empty=True)",NO_MATCH
10_outsourcing_paratek.pdf,expiration_date,"This Agreement shall commence on the Effective Date and shall be valid until the [* * *] (the ""Initial Term"").",,sonnet,empty_check,"One is empty, other is not (GT empty=False, Model empty=True)",NO_MATCH
10_outsourcing_paratek.pdf,renewal_term,"Should the Parties have not agreed to the following agreement by [* * *], this Agreement shall automatically stay in force for a maximum of [* * *] (unless otherwise mutually agreed by the Parties or as otherwise set forth in Section 18.1(a)) or until the Parties have signed the follow-on agreement (the ""Renewal Term"").",,sonnet,empty_check,"One is empty, other is not (GT empty=False, Model empty=True)",NO_MATCH
10_outsourcing_paratek.pdf,parties,"Paratek Pharmaceuticals, Inc.
Customer
CARBOGEN AMCIS AG
""Supplier"" and, collectively with Customer, the ""Parties"", and each, a ""Party","Paratek Pharmaceuticals, Inc.
CARBOGEN AMCIS AG",gpt-5,llm_judge,"The model correctly identified both legal entities: 'Paratek Pharmaceuticals, Inc.' and 'CARBOGEN AMCIS AG'. It omitted role labels and shorthand as instructed.",MATCH
10_outsourcing_paratek.pdf,contract_type,Outsourcing Agreement,Supply Agreement,gpt-5,exact_match,Exact match: 'Outsourcing Agreement' vs 'Supply Agreement',NO_MATCH
10_outsourcing_paratek.pdf,notice_period,"This Agreement is effective as of the Effective Date and will expire in accordance with Section 2.1, unless, upon the occurrence of any of the following events, this Agreement is earlier terminated in accordance with this Section 18.1:

a) Customer delivers written notice of termination to Supplier at least [* * *] prior to the expiration date of the Initial Term, which termination shall be effective as of the expiration date of the Initial Term;

b) either Party delivers written notice of termination to the other Party at least [* * *] prior to the expiration date of the Renewal Term, which termination shall be effective as of the expiration date of the Renewal Term;",,gpt-5,empty_check,"One is empty, other is not (GT empty=False, Model empty=True)",NO_MATCH
10_outsourcing_paratek.pdf,expiration_date,"This Agreement shall commence on the Effective Date and shall be valid until the [* * *] (the ""Initial Term"").",,gpt-5,empty_check,"One is empty, other is not (GT empty=False, Model empty=True)",NO_MATCH
10_outsourcing_paratek.pdf,renewal_term,"Should the Parties have not agreed to the following agreement by [* * *], this Agreement shall automatically stay in force for a maximum of [* * *] (unless otherwise mutually agreed by the Parties or as otherwise set forth in Section 18.1(a)) or until the Parties have signed the follow-on agreement (the ""Renewal Term"").",,gpt-5,empty_check,"One is empty, other is not (GT empty=False, Model empty=True)",NO_MATCH
10_outsourcing_paratek.pdf,parties,"Paratek Pharmaceuticals, Inc.
Customer
CARBOGEN AMCIS AG
""Supplier"" and, collectively with Customer, the ""Parties"", and each, a ""Party","Paratek Pharmaceuticals, Inc.
CARBOGEN AMCIS AG",gpt-5-mini,llm_judge,"The model output captures both legal entities identified in the ground truth, ignoring role labels and shorthand aliases.",MATCH
10_outsourcing_paratek.pdf,contract_type,Outsourcing Agreement,Outsourcing Agreement,gpt-5-mini,exact_match,Exact match: 'Outsourcing Agreement' vs 'Outsourcing Agreement',MATCH
10_outsourcing_paratek.pdf,notice_period,"This Agreement is effective as of the Effective Date and will expire in accordance with Section 2.1, unless, upon the occurrence of any of the following events, this Agreement is earlier terminated in accordance with this Section 18.1:

a) Customer delivers written notice of termination to Supplier at least [* * *] prior to the expiration date of the Initial Term, which termination shall be effective as of the expiration date of the Initial Term;

b) either Party delivers written notice of termination to the other Party at least [* * *] prior to the expiration date of the Renewal Term, which termination shall be effective as of the expiration date of the Renewal Term;",,gpt-5-mini,empty_check,"One is empty, other is not (GT empty=False, Model empty=True)",NO_MATCH
10_outsourcing_paratek.pdf,expiration_date,"This Agreement shall commence on the Effective Date and shall be valid until the [* * *] (the ""Initial Term"").",,gpt-5-mini,empty_check,"One is empty, other is not (GT empty=False, Model empty=True)",NO_MATCH
10_outsourcing_paratek.pdf,renewal_term,"Should the Parties have not agreed to the following agreement by [* * *], this Agreement shall automatically stay in force for a maximum of [* * *] (unless otherwise mutually agreed by the Parties or as otherwise set forth in Section 18.1(a)) or until the Parties have signed the follow-on agreement (the ""Renewal Term"").",,gpt-5-mini,empty_check,"One is empty, other is not (GT empty=False, Model empty=True)",NO_MATCH
10_outsourcing_paratek.pdf,parties,"Paratek Pharmaceuticals, Inc.
Customer
CARBOGEN AMCIS AG
""Supplier"" and, collectively with Customer, the ""Parties"", and each, a ""Party","Paratek Pharmaceuticals, Inc.
CARBOGEN AMCIS AG",flash,llm_judge,"The model correctly identifies the two legal entity names (Paratek Pharmaceuticals, Inc. and CARBOGEN AMCIS AG), as specified in the ground truth. The model excludes the role labels and the collective name for the parties.",MATCH
10_outsourcing_paratek.pdf,contract_type,Outsourcing Agreement,Outsourcing Agreement,flash,exact_match,Exact match: 'Outsourcing Agreement' vs 'Outsourcing Agreement',MATCH
10_outsourcing_paratek.pdf,notice_period,"This Agreement is effective as of the Effective Date and will expire in accordance with Section 2.1, unless, upon the occurrence of any of the following events, this Agreement is earlier terminated in accordance with this Section 18.1:

a) Customer delivers written notice of termination to Supplier at least [* * *] prior to the expiration date of the Initial Term, which termination shall be effective as of the expiration date of the Initial Term;

b) either Party delivers written notice of termination to the other Party at least [* * *] prior to the expiration date of the Renewal Term, which termination shall be effective as of the expiration date of the Renewal Term;",[* * *] prior to expiration of Initial Term,flash,llm_judge,"The model output captures the idea of providing notice prior to the expiration of the initial term. However, the specific notice period duration is missing, so it's impossible to determine if it matches the ground truth without that specific length of time.",NO_MATCH
10_outsourcing_paratek.pdf,expiration_date,"This Agreement shall commence on the Effective Date and shall be valid until the [* * *] (the ""Initial Term"").",until the [* * *] from the Effective Date,flash,llm_judge,Both the ground truth and the model output indicate that the agreement is valid until a certain term (the Initial Term) from the Effective Date.,MATCH
10_outsourcing_paratek.pdf,renewal_term,"Should the Parties have not agreed to the following agreement by [* * *], this Agreement shall automatically stay in force for a maximum of [* * *] (unless otherwise mutually agreed by the Parties or as otherwise set forth in Section 18.1(a)) or until the Parties have signed the follow-on agreement (the ""Renewal Term"").",automatically stay in force for a maximum of [* * *],flash,llm_judge,"The model output captures the core aspect of the renewal, which is the automatic continuation of the agreement. While it doesn't include the specific condition of 'not agreeing by [* * *]', the essence of the automatic stay is present, making it a sufficient summary.",MATCH
